"Min.","1st Qu.","Median","Mean","3rd Qu.","Max.","Mode","S.d.","var.","C.V"
2,3,4,4.78333333333333,6,12,3,2.0837683161715,4.34209039548023,43.5631006865123
