"Min.","1st Qu.","Median","Mean","3rd Qu.","Max.","Mode","S.d.","var.","C.V"
60,100,234,301.12,510,800,100,219.947213364177,48376.7766666667,73.0430437580289
