"Min.","1st Qu.","Median","Mean","3rd Qu.","Max.","Mode","S.d.","var.","C.V"
1,473.75,675,722,922.5,2500,800,427.151068227295,182458.035087719,59.1621978154148
