"Min.","1st Qu.","Median","Mean","3rd Qu.","Max.","Mode","S.d.","var.","C.V"
2,3,4,4.50877192982456,5,12,3,2.06261629124573,4.25438596491228,45.746742646306
