"Min.","1st Qu.","Median","Mean","3rd Qu.","Max.","Mode","S.d.","var.","C.V"
0,123.5,168.5,172.392857142857,201,533,200,96.3615688334927,9285.55194805195,55.8964973552475
