"Min.","1st Qu.","Median","Mean","3rd Qu.","Max.","Mode","S.d.","var.","C.V"
15,18,19.5,19.3666666666667,21,22,20,1.67702992773864,2.81242937853107,8.65936279383119
